{
    "loss": 5.0403151512146,
    "accuracy": 0.6709886789321899
}