{
    "loss": 0.25166431069374084,
    "accuracy": 0.9699488282203674
}