{
    "loss": 0.5147061944007874,
    "accuracy": 0.9420484900474548
}