{
    "loss": 0.07722800225019455,
    "accuracy": 0.9795396327972412
}